symbol,shortName,exchange,sector,industry,eodprice,regularMarketPrice,pct_1w,pct_1m,rel_volume,revenueGrowth,earningsQuarterlyGrowth,pegRatio,trailingPE,score_raw,score_norm,rank,pct_1w_n,pct_1m_n,rel_volume_n,revenueGrowth_n,earningsQuarterlyGrowth_n,rec_n,insider_n,valuation_n,kept,dropped_due_to
REPL,"Replimune Group, Inc.",NMS,Healthcare,Biotechnology,9.87,9.845,9.4444,243.2056,0.3402,,,,,0.57298,1.0,1,0.605646,1.0,0.189329,0.5,0.5,0.5,0.5,0.5,True,
PHVS,Pharvaris N.V.,NMS,Healthcare,Biotechnology,31.63,31.24,7.0447,3.7642,1.6226,,,,,0.530982,0.885537,2,0.561719,0.159445,1.0,0.5,0.5,0.5,0.5,0.5,True,
LEGN,Legend Biotech Corporation,NMS,Healthcare,Biotechnology,34.2,33.43,30.9879,17.2045,0.4798,0.565,,,,0.502495,0.807899,3,1.0,0.217015,0.277578,0.056628,0.5,0.5,0.5,0.5,True,
OPK,"Opko Health, Inc.",NMS,Healthcare,Diagnostics & Research,1.46,1.475,5.0,30.0885,1.0084,-0.172,,93.65,,0.418571,0.579174,4,0.524291,0.272203,0.611733,0.029279,0.5,0.5,0.5,0.25,True,
MMED,"MiniMed Group, Inc.",NMS,Healthcare,Medical Instruments & Supplies,14.06,14.1,17.5,20.7192,0.2027,0.156,,,,0.407977,0.5503,5,0.753104,0.23207,0.102408,0.04145,0.5,0.5,0.5,0.5,True,
NUVB,Nuvation Bio Inc.,NYQ,Healthcare,Biotechnology,5.17,4.765,-3.9315,-1.3458,0.3193,25.987,,,,0.407202,0.548187,6,0.360799,0.137557,0.176117,1.0,0.5,0.5,0.5,0.5,True,
SYRE,"Spyre Therapeutics, Inc.",NMS,Healthcare,Biotechnology,78.48,74.93,6.2234,5.5203,0.3224,,,,,0.404838,0.541744,7,0.546685,0.166967,0.178077,0.5,0.5,0.5,0.5,0.5,True,
ONC,BeOne Medicines Ltd.,NMS,Healthcare,Biotechnology,279.93,272.1,-2.6101,-8.4406,0.7875,0.355,178.021,0.0035,61.6244,0.403345,0.537677,8,0.384988,0.107167,0.472091,0.048835,1.0,0.5,0.5,0.986165,True,
MPLT,"MapLight Therapeutics, Inc.",NMS,Healthcare,Biotechnology,30.1,28.855,-3.041,3.3489,0.8056,,,,,0.401498,0.532642,9,0.3771,0.157666,0.483532,0.5,0.5,0.5,0.5,0.5,True,
TXG,"10x Genomics, Inc.",NMS,Healthcare,Health Information Services,33.5,31.24,5.5762,41.9355,0.6082,-0.026,,,,0.400861,0.530906,10,0.534838,0.322948,0.358746,0.034696,0.5,0.5,0.5,0.5,True,
TRAX,"First Tracks Biotherapeutics, I",NMS,Healthcare,Biotechnology,18.2,17.37,-3.9801,-18.0274,1.0046,,,,,0.399073,0.526033,11,0.35991,0.066103,0.609331,0.5,0.5,0.5,0.5,0.5,True,
NVS,Novartis AG,NYQ,Healthcare,Drug Manufacturers - General,148.4,148.66,2.0456,2.1718,1.4616,-0.007,-0.125,3.87,21.3286,0.39781,0.522592,12,0.47021,0.152624,0.898224,0.035402,0.004626,0.5,0.5,0.974488,True,
TWST,Twist Bioscience Corporation,NMS,Healthcare,Diagnostics & Research,73.93,70.21,3.3156,23.6508,0.781,0.193,,,,0.392537,0.508221,13,0.493458,0.244627,0.467982,0.042823,0.5,0.5,0.5,0.5,True,
MRK,"Merck & Company, Inc.",NYQ,Healthcare,Drug Manufacturers - General,120.26,123.075,6.8507,8.7583,0.4717,0.049,,5.38,34.6648,0.383108,0.482522,14,0.558168,0.180837,0.272457,0.03748,0.5,0.5,0.5,0.963473,True,
SPTX,"Seaport Therapeutics, Inc.",NMS,Healthcare,Biotechnology,17.88,17.74,3.9113,11.25,0.1504,,,,,0.381095,0.477037,15,0.504362,0.19151,0.069347,0.5,0.5,0.5,0.5,0.5,True,
LMRI,"Lumexa Imaging Holdings, Inc.",NMS,Healthcare,Medical Devices,8.24,8.56,16.5986,-11.9219,0.2268,0.031,,,,0.379919,0.473831,16,0.736603,0.092256,0.117643,0.036812,0.5,0.5,0.5,0.5,True,
WGS,GeneDx Holdings Corp.,NMS,Healthcare,Diagnostics & Research,56.27,52.84,1.5288,52.9846,0.4552,0.174,,,,0.375018,0.460474,17,0.46075,0.370276,0.262027,0.042118,0.5,0.5,0.5,0.5,True,
MESO,Mesoblast Limited,NMS,Healthcare,Biotechnology,14.93,14.2,-4.4415,-10.0697,0.5773,15.268,,,,0.374594,0.459318,18,0.351464,0.100189,0.339212,0.602234,0.5,0.5,0.5,0.5,True,
MRVI,"Maravai LifeSciences Holdings, ",NMS,Healthcare,Biotechnology,4.99,4.955,4.3158,28.7013,0.4506,0.405,,,,0.371172,0.449993,19,0.511766,0.266261,0.259119,0.05069,0.5,0.5,0.5,0.5,True,
SNN,"Smith & Nephew SNATS, Inc.",NYQ,Healthcare,Medical Devices,30.85,30.76,4.3759,-1.7247,1.0566,0.074,0.677,1.21,21.5175,0.36958,0.445653,20,0.512867,0.135934,0.642202,0.038407,0.009107,0.5,0.5,0.988635,True,
ZBIO,"Zenas BioPharma, Inc.",NMS,Healthcare,Biotechnology,18.38,18.47,1.596,-11.079,0.329,,,,,0.368948,0.44393,21,0.46198,0.095866,0.182249,0.5,0.5,0.5,0.5,0.5,True,
TLX,Telix Pharmaceuticals Limited,NMS,Healthcare,Biotechnology,9.54,9.36,-0.6369,-15.2174,1.033,0.493,,,,0.367542,0.4401,22,0.421107,0.07814,0.627284,0.053956,0.5,0.5,0.5,0.5,True,
MDT,Medtronic plc.,NYQ,Healthcare,Medical Devices,81.93,81.78,10.6245,5.2063,0.6389,0.099,0.177,1.29,21.941,0.367159,0.439056,23,0.627247,0.165622,0.378153,0.039335,0.006314,0.5,0.5,0.988114,True,
MBX,"MBX Biosciences, Inc.",NMS,Healthcare,Biotechnology,30.91,30.295,-1.1582,2.348,0.3442,,,,,0.366625,0.4376,24,0.411565,0.153379,0.191858,0.5,0.5,0.5,0.5,0.5,True,
SVRA,"Savara, Inc.",NMS,Healthcare,Biotechnology,5.3,5.165,0.1961,-1.7124,0.2938,,,,,0.365657,0.434961,25,0.436355,0.135987,0.159997,0.5,0.5,0.5,0.5,0.5,True,
LAB,Standard BioTools Inc.,NMS,Healthcare,Medical Devices,1.27,1.155,0.0,17.3469,0.7347,0.046,,,,0.365638,0.43491,26,0.432766,0.217625,0.438713,0.037368,0.5,0.5,0.5,0.5,True,
LLY,Eli Lilly and Company,NYQ,Healthcare,Drug Manufacturers - General,1125.27,1150.14,6.102,16.3158,0.7356,0.555,1.681,1.45,40.8189,0.364434,0.431628,27,0.544463,0.213209,0.439282,0.056256,0.014717,0.5,0.5,0.983069,True,
TYRA,"Tyra Biosciences, Inc.",NMS,Healthcare,Biotechnology,27.18,27.175,-10.5791,-19.9086,0.981,,,,,0.361562,0.423801,28,0.239115,0.058046,0.594412,0.5,0.5,0.5,0.5,0.5,True,
OFIX,Orthofix Medical Inc.,NMS,Healthcare,Medical Devices,10.34,10.465,12.891,-15.8762,0.2672,0.016,,48.83,,0.361303,0.423095,29,0.668736,0.075318,0.143182,0.036255,0.5,0.5,0.5,0.489066,True,
NVCR,NovoCure Limited,NMS,Healthcare,Medical Devices,17.99,17.66,6.6425,11.2091,0.3499,0.123,,,,0.358806,0.416291,30,0.554357,0.191335,0.195461,0.040226,0.5,0.5,0.5,0.5,True,
NUVL,"Nuvalent, Inc.",NMS,Healthcare,Biotechnology,94.02,92.11,-1.1639,-9.4043,0.3378,,,,,0.356928,0.411171,31,0.41146,0.10304,0.187812,0.5,0.5,0.5,0.5,0.5,True,
TAK,Takeda Pharmaceutical Company L,NYQ,Healthcare,Drug Manufacturers - Specialty & Generic,15.45,15.61,2.7979,-5.6495,0.5176,0.039,,0.38,42.2027,0.356285,0.409419,32,0.483981,0.119123,0.301473,0.037109,0.5,0.5,0.5,0.988469,True,
MRNA,"Moderna, Inc.",NMS,Healthcare,Biotechnology,51.59,47.985,4.0599,2.6119,0.3977,2.602,,,,0.354513,0.404588,33,0.507082,0.15451,0.225678,0.132218,0.5,0.5,0.5,0.5,True,
QDEL,QuidelOrtho Corporation,NMS,Healthcare,Medical Devices,15.3,13.905,4.8229,19.2967,0.2284,-0.105,,2.06,,0.350336,0.393204,34,0.521049,0.225977,0.118655,0.031765,0.5,0.5,0.5,0.738532,True,
UNH,UnitedHealth Group Incorporated,NYQ,Healthcare,Healthcare Plans,396.47,402.17,5.8364,10.4873,0.6447,0.02,-0.002,1.31,30.2733,0.346729,0.383376,35,0.539601,0.188243,0.381819,0.036403,0.005314,0.5,0.5,0.986157,True,
MYGN,"Myriad Genetics, Inc.",NMS,Healthcare,Diagnostics & Research,4.69,4.635,8.2944,-7.8529,0.2091,-0.208,,1.24,,0.345038,0.378767,36,0.584595,0.109685,0.106454,0.027943,0.5,0.5,0.5,0.742906,True,
PRLD,Prelude Therapeutics Incorporat,NMS,Healthcare,Biotechnology,4.08,3.8101,-0.2592,-18.4133,0.23,,,,,0.344397,0.377019,37,0.428021,0.06445,0.119666,0.5,0.5,0.5,0.5,0.5,True,
PCVX,"Vaxcyte, Inc.",NMS,Healthcare,Biotechnology,48.76,48.14,-1.6765,-13.5694,0.234,,,,,0.341247,0.368433,38,0.402077,0.085199,0.122195,0.5,0.5,0.5,0.5,0.5,True,
VIR,"Vir Biotechnology, Inc.",NMS,Healthcare,Biotechnology,9.15,8.8,-2.7685,-12.2877,0.2756,,,,,0.340583,0.366623,39,0.382088,0.090689,0.148492,0.5,0.5,0.5,0.5,0.5,True,
OSCR,"Oscar Health, Inc.",NYQ,Healthcare,Healthcare Plans,23.6,23.695,3.2216,32.1628,0.6598,0.526,1.467,,,0.339961,0.364929,40,0.491737,0.281088,0.391365,0.05518,0.013522,0.5,0.5,0.5,True,
KURA,"Kura Oncology, Inc.",NMS,Healthcare,Biotechnology,8.77,8.8898,-1.8262,-4.521,0.7263,0.295,,,,0.33973,0.3643,41,0.399337,0.123957,0.433403,0.046608,0.5,0.5,0.5,0.5,True,
SENS,"Senseonics Holdings, Inc.",NMS,Healthcare,Medical Devices,7.01,6.7351,-1.5336,34.702,0.3465,0.718,,,,0.337341,0.357789,42,0.404693,0.291964,0.193312,0.062305,0.5,0.5,0.5,0.5,True,
PHAT,"Phathom Pharmaceuticals, Inc.",NMS,Healthcare,Biotechnology,9.86,10.02,8.3333,-20.524,0.235,1.044,,,,0.336212,0.354712,43,0.585307,0.05541,0.122827,0.074403,0.5,0.5,0.5,0.5,True,
TFX,Teleflex Incorporated,NYQ,Healthcare,Medical Instruments & Supplies,132.11,131.615,3.261,9.4295,0.2674,0.323,,0.16,1881.857,0.335606,0.35306,44,0.492458,0.183712,0.143309,0.047647,0.5,0.5,0.5,0.581183,True,
TLRY,"Tilray Brands, Inc.",NMS,Healthcare,Drug Manufacturers - Specialty & Generic,5.19,4.9199,-10.5647,-13.7083,1.2368,-0.078,,,,0.334604,0.35033,45,0.239379,0.084604,0.756116,0.032767,0.5,0.5,0.5,0.5,True,
SNDA,"Sonida Senior Living, Inc.",NYQ,Healthcare,Medical Care Facilities,33.17,34.235,4.5344,-8.1433,0.2775,0.385,,2.04,,0.334541,0.350159,46,0.515768,0.108441,0.149693,0.049948,0.5,0.5,0.5,0.738639,True,
MOBI,"Mobia Medical, Inc.",NMS,Healthcare,Medical Devices,13.84,12.77,-5.4074,8.6809,0.1712,,,,,0.333325,0.346843,47,0.333783,0.180506,0.082496,0.5,0.5,0.5,0.5,0.5,True,
SOLV,Solventum Corporation,NYQ,Healthcare,Medical Instruments & Supplies,82.42,80.8,6.5862,17.0843,0.3787,-0.03,-0.905,1.22,9.8941,0.329859,0.337397,48,0.553326,0.216501,0.213667,0.034548,0.000268,0.5,0.5,0.991162,True,
OMDA,"Omada Health, Inc.",NMS,Healthcare,Health Information Services,18.21,18.18,-0.9793,16.2939,0.4008,0.42,,,,0.329811,0.337267,49,0.41484,0.213115,0.227638,0.051247,0.5,0.5,0.5,0.5,True,
XERS,"Xeris Biopharma Holdings, Inc.",NMS,Healthcare,Drug Manufacturers - Specialty & Generic,6.15,6.215,2.3888,-0.2408,0.2709,0.383,,,88.7857,0.328762,0.334409,50,0.476493,0.14229,0.145521,0.049874,0.5,0.5,0.5,0.730633,True,
LKFT,Lakefront Biotherapeutics,NMS,Healthcare,Biotechnology,28.11,28.14,2.1786,-0.8806,0.333,-0.914,,,3.2683,0.327874,0.331988,51,0.472645,0.13955,0.184778,0.001744,0.5,0.5,0.5,0.749621,True,
STTK,"Shattuck Labs, Inc.",NMS,Healthcare,Biotechnology,4.8,4.66,-17.6991,-28.8991,1.0763,,,,,0.327174,0.33008,52,0.108783,0.019536,0.654656,0.5,0.5,0.5,0.5,0.5,True,
NBIX,"Neurocrine Biosciences, Inc.",NMS,Healthcare,Drug Manufacturers - Specialty & Generic,167.35,165.9,3.0435,22.8343,0.3224,0.422,24.051,0.44,25.5231,0.326773,0.328988,53,0.488477,0.24113,0.178077,0.051321,0.139707,0.5,0.5,0.991852,True,
RVMD,"Revolution Medicines, Inc.",NMS,Healthcare,Biotechnology,155.69,151.31,-7.6094,2.7274,0.2695,,,,,0.326769,0.328977,54,0.293475,0.155004,0.144636,0.5,0.5,0.5,0.5,0.5,True,
PGEN,"Precigen, Inc.",NMS,Healthcare,Biotechnology,3.86,3.635,-11.8932,-16.1663,0.4649,16.339,,,,0.325811,0.326366,55,0.21506,0.074075,0.268159,0.641977,0.5,0.5,0.5,0.5,True,
PRTA,Prothena Corporation plc,NMS,Healthcare,Biotechnology,9.25,8.66,-9.6976,-22.6095,0.3536,17.064,,,,0.324772,0.323533,56,0.255251,0.046477,0.1978,0.668881,0.5,0.5,0.5,0.5,True,
SHC,Sotera Health Company,NMS,Healthcare,Diagnostics & Research,15.57,15.701,1.094,2.4788,0.2049,0.1,,1.31,38.3171,0.324316,0.322292,57,0.452791,0.153939,0.103799,0.039372,0.5,0.5,0.5,0.984371,True,
LIVN,LivaNova PLC,NMS,Healthcare,Medical Devices,73.72,73.215,-0.8061,27.1314,0.0971,0.143,,0.84,37.3546,0.323636,0.320438,58,0.41801,0.259536,0.035653,0.040968,0.5,0.5,0.5,0.987092,True,
SRRK,Scholar Rock Holding Corporatio,NMS,Healthcare,Biotechnology,45.33,44.55,-6.0667,-5.5585,0.2171,,,,,0.323319,0.319574,59,0.321715,0.119513,0.111511,0.5,0.5,0.5,0.5,0.5,True,
PODD,Insulet Corporation,NMS,Healthcare,Medical Devices,146.41,152.62,3.0311,-8.8999,0.6822,0.339,1.573,1.26,35.7424,0.323231,0.319335,60,0.48825,0.1052,0.405525,0.048241,0.014114,0.5,0.5,0.98521,True,
NMRA,"Neumora Therapeutics, Inc.",NMS,Healthcare,Biotechnology,1.75,1.675,-7.967,-27.1739,0.4931,,,,,0.323085,0.318935,61,0.286929,0.026925,0.285985,0.5,0.5,0.5,0.5,0.5,True,
SLDB,Solid Biosciences Inc.,NMS,Healthcare,Biotechnology,7.24,6.765,-6.0501,-2.1014,0.1772,,,,,0.322286,0.316759,62,0.322018,0.134321,0.086289,0.5,0.5,0.5,0.5,0.5,True,
RXRX,"Recursion Pharmaceuticals, Inc.",NMS,Healthcare,Biotechnology,3.8,3.2999,-13.0607,-2.2255,1.1633,-0.561,,,,0.321544,0.314736,63,0.193689,0.133789,0.709653,0.014843,0.5,0.5,0.5,0.5,True,
RMD,ResMed Inc.,NYQ,Healthcare,Medical Instruments & Supplies,194.32,196.35,5.3797,-5.2077,0.522,0.108,0.092,1.07,18.9277,0.321211,0.313829,64,0.531241,0.121015,0.304254,0.039669,0.005839,0.5,0.5,0.989956,True,
VTRS,Viatris Inc.,NMS,Healthcare,Drug Manufacturers - Specialty & Generic,15.9,16.015,1.2966,3.9472,0.2218,0.081,,0.15,,0.320935,0.313077,65,0.4565,0.160229,0.114483,0.038667,0.5,0.5,0.5,0.74872,True,
MDGL,"Madrigal Pharmaceuticals, Inc.",NMS,Healthcare,Biotechnology,492.83,489.245,1.6655,-2.632,0.2775,1.268,,,,0.320859,0.312869,66,0.463253,0.132048,0.149693,0.082715,0.5,0.5,0.5,0.5,True,
OMCL,"Omnicell, Inc.",NMS,Healthcare,Health Information Services,43.6,43.63,1.2048,0.2755,0.205,0.149,,15.4,99.2727,0.320753,0.312579,67,0.45482,0.144502,0.103862,0.04119,0.5,0.5,0.5,0.895683,True,
SGRY,"Surgery Partners, Inc.",NMS,Healthcare,Medical Care Facilities,13.68,13.7,3.593,-3.9621,0.2398,0.045,,,,0.320692,0.312414,68,0.498536,0.126351,0.125861,0.037331,0.5,0.5,0.5,0.5,True,
MASI,Masimo Corporation,NMS,Healthcare,Medical Devices,178.9,178.9,0.1764,0.182,0.2325,0.085,,4.83,44.2834,0.31979,0.309955,69,0.435995,0.144101,0.121247,0.038815,0.5,0.5,0.5,0.964271,True,
SNY,Sanofi,NMS,Healthcare,Drug Manufacturers - General,44.38,44.98,4.702,3.7362,0.4714,0.06,-0.138,3.69,19.5565,0.31907,0.307993,70,0.518836,0.159325,0.272268,0.037888,0.004554,0.5,0.5,0.975842,True,
RPRX,Royalty Pharma plc,NMS,Healthcare,Biotechnology,55.02,55.15,-0.0362,9.841,0.6437,0.11,0.231,2.06,29.0316,0.316456,0.300869,71,0.432103,0.185475,0.381187,0.039743,0.006615,0.5,0.5,0.982433,True,
KYTX,"Kyverna Therapeutics, Inc.",NMS,Healthcare,Biotechnology,7.95,7.71,-6.2044,-16.2866,0.2366,,,,,0.316191,0.300146,72,0.319194,0.07356,0.123838,0.5,0.5,0.5,0.5,0.5,True,
MANE,"Veradermics, Incorporated",NYQ,Healthcare,Biotechnology,101.23,96.5,-4.9355,-15.9408,0.1604,,,,,0.315736,0.298906,73,0.342421,0.075041,0.075668,0.5,0.5,0.5,0.5,0.5,True,
REGN,"Regeneron Pharmaceuticals, Inc.",NMS,Healthcare,Biotechnology,628.73,639.0,6.4845,-8.7865,0.43,0.19,-0.101,1.05,15.6269,0.315673,0.298736,74,0.551465,0.105686,0.246096,0.042712,0.00476,0.5,0.5,0.990796,True,
NEOG,Neogen Corporation,NMS,Healthcare,Medical Devices,9.12,8.985,0.8408,-2.9666,0.2474,-0.044,,0.66,,0.315058,0.297058,75,0.448157,0.130615,0.130666,0.034028,0.5,0.5,0.5,0.746,True,
ROIV,Roivant Sciences Ltd.,NMS,Healthcare,Biotechnology,29.53,29.175,0.2063,2.9308,0.3385,-0.667,,,,0.314837,0.296456,76,0.436542,0.155876,0.188255,0.01091,0.5,0.5,0.5,0.5,True,
VOR,Vor Biopharma Inc.,NMS,Healthcare,Biotechnology,14.32,13.395,-8.0645,-13.692,0.2874,,,,,0.313475,0.292743,77,0.285145,0.084674,0.155952,0.5,0.5,0.5,0.5,0.5,True,
VRTX,Vertex Pharmaceuticals Incorpor,NMS,Healthcare,Biotechnology,441.74,452.6345,3.2778,6.6948,0.4551,0.078,0.596,1.6,26.9026,0.313282,0.292218,78,0.492766,0.171998,0.261963,0.038556,0.008655,0.5,0.5,0.985359,True,
NTRA,"Natera, Inc.",NMS,Healthcare,Diagnostics & Research,222.1,216.95,-0.7267,5.0539,0.2908,0.388,,,,0.311867,0.288361,79,0.419463,0.16497,0.158101,0.050059,0.5,0.5,0.5,0.5,True,
PHG,Koninklijke Philips N.V. NY Reg,NYQ,Healthcare,Medical Devices,25.99,26.2,0.4793,2.9342,0.6229,-0.047,0.987,0.32,22.5905,0.311845,0.288303,80,0.441539,0.15589,0.368038,0.033917,0.01084,0.5,0.5,0.993144,True,
PACS,"PACS Group, Inc.",NYQ,Healthcare,Medical Care Facilities,37.47,37.63,5.8948,15.4802,0.211,0.112,1.834,1.09,24.2806,0.311264,0.28672,81,0.54067,0.20963,0.107655,0.039817,0.015572,0.5,0.5,0.988661,True,
TARS,"Tarsus Pharmaceuticals, Inc.",NMS,Healthcare,Biotechnology,60.34,60.4,2.4945,-7.1341,0.1747,1.069,,,,0.311003,0.286008,82,0.478428,0.112764,0.084708,0.07533,0.5,0.5,0.5,0.5,True,
QURE,uniQure N.V.,NMS,Healthcare,Biotechnology,27.99,27.205,-3.7208,28.4026,0.2103,1.273,,,,0.31083,0.285537,83,0.364656,0.264981,0.107213,0.0829,0.5,0.5,0.5,0.5,True,
WAT,Waters Corporation,NYQ,Healthcare,Diagnostics & Research,376.47,365.62,-3.3637,6.62,0.2257,0.914,,1.65,46.4346,0.31015,0.283684,84,0.371193,0.171678,0.116948,0.069578,0.5,0.5,0.5,0.980755,True,
SANA,"Sana Biotechnology, Inc.",NMS,Healthcare,Biotechnology,2.96,2.745,-14.486,-21.3467,0.6558,,,,,0.309593,0.282163,85,0.167599,0.051886,0.388836,0.5,0.5,0.5,0.5,0.5,True,
MCK,McKesson Corporation,NYQ,Healthcare,Medical Distribution,756.95,779.72,6.1008,-2.559,0.3238,0.06,0.335,1.44,20.314,0.308009,0.277848,86,0.544441,0.132361,0.178962,0.037888,0.007197,0.5,0.5,0.987675,True,
ZVRA,"Zevra Therapeutics, Inc.",NMS,Healthcare,Biotechnology,11.17,10.638,-7.4151,0.2639,0.4843,0.775,,10.67,5.2925,0.307218,0.27569,87,0.297032,0.144452,0.280422,0.06442,0.5,0.5,0.5,0.941778,True,
ZBH,"Zimmer Biomet Holdings, Inc.",NYQ,Healthcare,Medical Devices,86.69,87.64,5.727,5.6379,0.251,0.093,0.308,0.6,22.7215,0.30576,0.271719,88,0.537599,0.167471,0.132941,0.039112,0.007046,0.5,0.5,0.991621,True,
MLYS,"Mineralys Therapeutics, Inc.",NMS,Healthcare,Biotechnology,25.05,23.76,-23.6419,-18.8695,1.0862,,,,,0.305386,0.2707,89,0.0,0.062496,0.660914,0.5,0.5,0.5,0.5,0.5,True,
TSHA,"Taysha Gene Therapies, Inc.",NMS,Healthcare,Biotechnology,5.89,5.615,-6.0301,-19.1643,0.1361,,,,,0.305336,0.270562,90,0.322384,0.061234,0.060307,0.5,0.5,0.5,0.5,0.5,True,
STE,STERIS plc (Ireland),NYQ,Healthcare,Medical Devices,212.24,212.44,0.6491,-0.2489,0.57,0.073,0.512,1.43,26.7557,0.305309,0.270489,91,0.444647,0.142256,0.334598,0.03837,0.008186,0.5,0.5,0.986298,True,
PBYI,Puma Biotechnology Inc,NMS,Healthcare,Biotechnology,7.01,7.08,-0.5618,-3.6735,0.2116,-0.026,,,14.75,0.304041,0.267034,92,0.422482,0.127587,0.108035,0.034696,0.5,0.5,0.5,0.747071,True,
XRAY,DENTSPLY SIRONA Inc.,NMS,Healthcare,Medical Instruments & Supplies,9.88,9.915,-0.9481,-12.7089,0.3023,0.001,,0.7,,0.303777,0.266314,93,0.415411,0.088885,0.165371,0.035698,0.5,0.5,0.5,0.745786,True,
PRGO,Perrigo Company plc,NYQ,Healthcare,Drug Manufacturers - Specialty & Generic,10.67,10.645,-0.9758,-6.0814,0.2533,-0.072,,1.14,,0.303703,0.266113,94,0.414904,0.117273,0.134395,0.032989,0.5,0.5,0.5,0.743439,True,
SNDX,"Syndax Pharmaceuticals, Inc.",NMS,Healthcare,Biotechnology,18.02,17.545,-6.8966,-12.6866,0.5875,2.236,,,,0.302928,0.264001,95,0.306523,0.08898,0.34566,0.118636,0.5,0.5,0.5,0.5,True,
SDGR,"Schrodinger, Inc.",NMS,Healthcare,Health Information Services,15.85,14.64,-7.4684,13.5975,0.5078,-0.016,,,,0.302677,0.263317,96,0.296056,0.201565,0.295278,0.035068,0.5,0.5,0.5,0.5,True,
PFE,"Pfizer, Inc.",NYQ,Healthcare,Drug Manufacturers - General,25.69,26.09,1.8143,0.2864,0.4818,0.054,-0.094,13.77,19.9198,0.300978,0.258686,97,0.465976,0.144549,0.278842,0.037665,0.0048,0.5,0.5,0.921996,True,
TEM,"Tempus AI, Inc.",NMS,Healthcare,Health Information Services,52.26,47.5,-10.0758,-12.1879,0.8217,0.361,,,,0.300876,0.258408,98,0.248328,0.091116,0.49371,0.049057,0.5,0.5,0.5,0.5,True,
NVAX,"Novavax, Inc.",NMS,Healthcare,Biotechnology,10.19,9.61,-8.706,18.4568,0.471,-0.791,,1.32,,0.300414,0.25715,99,0.273402,0.22238,0.272015,0.006308,0.5,0.5,0.5,0.742479,True,
VREX,Varex Imaging Corporation,NMS,Healthcare,Medical Devices,10.46,9.92,-1.0967,-13.9636,0.2895,0.015,,4.98,,0.300212,0.256597,100,0.412691,0.08351,0.157279,0.036218,0.5,0.5,0.5,0.722957,True,
MMSI,"Merit Medical Systems, Inc.",NMS,Healthcare,Medical Instruments & Supplies,63.04,64.175,3.5455,6.3038,0.3007,0.075,0.36,1.29,27.694,0.299611,0.254959,101,0.497666,0.170323,0.164359,0.038444,0.007336,0.5,0.5,0.986837,True,
PACB,Pacific Biosciences of Californ,NMS,Healthcare,Medical Devices,1.63,1.459,-7.9114,-7.9114,0.6728,0.001,,,,0.299545,0.254779,102,0.287947,0.109434,0.399583,0.035698,0.5,0.5,0.5,0.5,True,
MD,"Pediatrix Medical Group, Inc.",NYQ,Healthcare,Medical Care Facilities,22.37,22.83,5.5967,9.6015,0.1605,0.039,0.426,0.24,11.0825,0.299528,0.254732,103,0.535213,0.184449,0.075732,0.037109,0.007705,0.5,0.5,0.996126,True,
NRC,NRC Health,NMS,Healthcare,Health Information Services,19.75,19.535,-3.5309,4.2423,0.6953,0.037,-0.443,1.32,47.6463,0.298413,0.251695,104,0.368132,0.161493,0.413806,0.037034,0.00285,0.5,0.5,0.982247,True,
PGNY,"Progyny, Inc.",NMS,Healthcare,Healthcare Plans,25.48,25.73,-1.7557,35.6164,0.3225,0.014,0.609,0.5489,33.4286,0.297055,0.247994,105,0.400627,0.295881,0.17814,0.036181,0.008728,0.5,0.5,0.989516,True,
SYK,Stryker Corporation,NYQ,Healthcare,Medical Devices,301.21,306.325,2.4628,3.9238,0.3391,0.026,0.139,1.4,35.5133,0.295456,0.243636,106,0.477847,0.160129,0.188634,0.036626,0.006101,0.5,0.5,0.984514,True,
PTCT,"PTC Therapeutics, Inc.",NMS,Healthcare,Biotechnology,70.64,71.76,-2.7642,10.3321,0.2189,-0.768,,,,0.293528,0.23838,107,0.382167,0.187578,0.112649,0.007162,0.5,0.5,0.5,0.5,True,
ZYME,Zymeworks Inc.,NMS,Healthcare,Biotechnology,25.1,24.455,-0.3464,-8.3396,0.2458,-0.911,,,,0.293438,0.238135,108,0.426425,0.1076,0.129654,0.001855,0.5,0.5,0.5,0.5,True,
TBRG,"TruBridge, Inc.",NMS,Healthcare,Health Information Services,26.05,26.04,0.3274,1.1456,0.4446,-0.011,0.102,0.32,89.8103,0.291999,0.234214,109,0.438759,0.148229,0.255326,0.035253,0.005895,0.5,0.5,0.978219,True,
STOK,"Stoke Therapeutics, Inc.",NMS,Healthcare,Biotechnology,30.12,30.2141,-0.8398,-8.331,0.2504,-0.961,,,,0.291129,0.231843,110,0.417393,0.107637,0.132562,0.0,0.5,0.5,0.5,0.5,True,
QGEN,Qiagen N.V.,NYQ,Healthcare,Diagnostics & Research,37.56,36.68,1.382,7.8824,0.254,0.018,-0.25,0.92,18.7143,0.284835,0.21469,111,0.458063,0.177085,0.134838,0.036329,0.003928,0.5,0.5,0.990804,True,
LH,Labcorp Holdings Inc.,NYQ,Healthcare,Diagnostics & Research,260.97,264.68,3.0404,3.2151,0.1953,0.058,0.305,1.09,23.423,0.2846,0.214049,112,0.48842,0.157093,0.097731,0.037814,0.007029,0.5,0.5,0.988852,True,
OPCH,"Option Care Health, Inc.",NMS,Healthcare,Medical Care Facilities,20.07,20.735,1.3441,-2.6526,0.3313,0.013,-0.03,1.15,16.1992,0.283929,0.212219,113,0.457369,0.13196,0.183703,0.036144,0.005157,0.5,0.5,0.990136,True,
ORIC,"Oric Pharmaceuticals, Inc.",NMS,Healthcare,Biotechnology,8.02,7.86,-12.5278,-17.9206,0.2409,,,,,0.282929,0.209494,114,0.203444,0.066561,0.126557,0.5,0.5,0.5,0.5,0.5,True,
MOH,Molina Healthcare Inc,NYQ,Healthcare,Healthcare Plans,192.81,190.82,4.0873,-0.7441,0.1566,-0.043,-0.953,1.72,51.2742,0.281805,0.20643,115,0.507584,0.140135,0.073266,0.034066,0.0,0.5,0.5,0.979308,True,
ZTS,Zoetis Inc.,NYQ,Healthcare,Drug Manufacturers - Specialty & Generic,79.52,80.285,3.5328,-28.6476,0.3968,0.029,-0.002,1.83,13.1639,0.281313,0.205092,116,0.497434,0.020613,0.225109,0.036737,0.005314,0.5,0.5,0.987182,True,
UHS,"Universal Health Services, Inc.",NYQ,Healthcare,Medical Care Facilities,142.72,147.575,1.9939,-10.7769,0.3267,0.096,0.101,0.99,6.1618,0.281094,0.204494,117,0.469264,0.09716,0.180795,0.039224,0.005889,0.5,0.5,0.993218,True,
STVN,Stevanato Group S.p.A.,NYQ,Healthcare,Medical Instruments & Supplies,18.51,18.91,-0.371,3.24,0.3448,0.066,0.057,3.57,31.8644,0.280754,0.203568,118,0.425974,0.1572,0.192237,0.03811,0.005643,0.5,0.5,0.973749,True,
TEVA,Teva Pharmaceutical Industries ,NYQ,Healthcare,Drug Manufacturers - Specialty & Generic,34.43,34.941,0.6928,-2.7328,0.3224,0.023,0.724,0.81,26.0298,0.280139,0.201892,119,0.445447,0.131616,0.178077,0.036515,0.00937,0.5,0.5,0.989766,True,
PBH,Prestige Consumer Healthcare In,NYQ,Healthcare,Drug Manufacturers - Specialty & Generic,45.44,47.43,3.2209,-14.9238,0.2862,-0.05,0.076,1.39,12.1304,0.279578,0.200361,120,0.491724,0.079397,0.155193,0.033806,0.005749,0.5,0.5,0.989759,True,
PNTG,"The Pennant Group, Inc.",NMS,Healthcare,Medical Care Facilities,30.12,31.95,-0.1562,1.5575,0.2892,0.36,0.096,1.75,37.1512,0.276873,0.19299,121,0.429906,0.149993,0.15709,0.04902,0.005861,0.5,0.5,0.982283,True,
TECH,Bio-Techne Corp,NMS,Healthcare,Biotechnology,53.18,51.535,1.516,-8.8648,0.2943,-0.015,1.26,0.7,73.6571,0.276797,0.192782,122,0.460516,0.10535,0.160314,0.035105,0.012365,0.5,0.5,0.979778,True,
UTHR,United Therapeutics Corporation,NMS,Healthcare,Drug Manufacturers - Specialty & Generic,547.69,547.23,0.5251,-4.3202,0.309,-0.016,-0.147,2.25,20.2321,0.275933,0.190429,123,0.442378,0.124817,0.169606,0.035068,0.004503,0.5,0.5,0.983373,True,
MEDP,"Medpace Holdings, Inc.",NMS,Healthcare,Diagnostics & Research,458.69,455.115,0.8074,5.762,0.1975,0.265,0.081,2.77,28.6236,0.275821,0.190121,124,0.447545,0.168003,0.099121,0.045495,0.005777,0.5,0.5,0.978736,True,
USPH,"U.S. Physical Therapy, Inc.",NYQ,Healthcare,Medical Care Facilities,61.77,63.61,1.8871,-10.5384,0.2873,0.079,-0.491,2.25,127.42,0.275579,0.189463,125,0.467309,0.098182,0.155888,0.038593,0.002581,0.5,0.5,0.959574,True,
MTD,"Mettler-Toledo International, I",NYQ,Healthcare,Diagnostics & Research,1180.48,1153.92,-2.4839,-11.3825,0.5156,0.072,0.036,2.45,27.0805,0.275073,0.188083,126,0.387298,0.094566,0.300209,0.038333,0.005526,0.5,0.5,0.980786,True,
PRVA,"Privia Health Group, Inc.",NMS,Healthcare,Health Information Services,21.37,21.925,2.9094,-9.7159,0.2677,0.258,-0.274,,129.0,0.273377,0.18346,127,0.486022,0.101705,0.143498,0.045235,0.003794,0.5,0.5,0.721704,True,
PEN,"Penumbra, Inc.",NYQ,Healthcare,Medical Devices,320.63,321.42,0.7744,-0.7534,0.223,0.156,-0.169,0.74,74.231,0.272442,0.180913,128,0.446941,0.140095,0.115241,0.04145,0.004381,0.5,0.5,0.979438,True,
RARE,Ultragenyx Pharmaceutical Inc.,NMS,Healthcare,Biotechnology,23.31,22.03,-3.5886,-11.9152,0.1797,-0.022,,,,0.271754,0.179039,129,0.367076,0.092284,0.087869,0.034845,0.5,0.5,0.5,0.5,True,
MGTX,MeiraGTx Holdings plc,NMS,Healthcare,Biotechnology,9.57,9.145,-6.6837,-6.2051,0.3393,-0.848,,,,0.271749,0.179024,130,0.31042,0.116743,0.18876,0.004193,0.5,0.5,0.5,0.5,True,
NVO,Novo Nordisk A/S,NYQ,Healthcare,Drug Manufacturers - General,43.75,43.4201,-1.4863,-3.2427,0.3344,0.24,0.672,3.09,10.1913,0.270393,0.17533,131,0.405559,0.129432,0.185663,0.044567,0.00908,0.5,0.5,0.981122,True,
WST,"West Pharmaceutical Services, I",NYQ,Healthcare,Medical Instruments & Supplies,317.32,317.83,0.2213,2.268,0.1983,0.21,0.546,3.04,42.3231,0.270079,0.174473,132,0.436817,0.153037,0.099627,0.043454,0.008376,0.5,0.5,0.974254,True,
RIGL,"Rigel Pharmaceuticals, Inc.",NMS,Healthcare,Biotechnology,30.25,30.0901,0.7706,7.1203,0.1952,0.103,-0.244,,1.5599,0.268696,0.170704,133,0.446871,0.173821,0.097667,0.039483,0.003961,0.5,0.5,0.75,True,
PCRX,"Pacira BioSciences, Inc.",NMS,Healthcare,Drug Manufacturers - Specialty & Generic,22.67,23.09,0.7186,-6.7164,0.2456,0.05,-0.394,11.21,177.8846,0.266738,0.165367,134,0.44592,0.114553,0.129528,0.037517,0.003123,0.5,0.5,0.900577,True,
RGEN,Repligen Corporation,NMS,Healthcare,Medical Instruments & Supplies,126.55,122.725,-0.3493,-2.3406,0.23,0.148,0.429,1.92,134.8022,0.265829,0.16289,135,0.426372,0.133296,0.119666,0.041153,0.007722,0.5,0.5,0.959695,True,
RDY,Dr. Reddy's Laboratories Ltd,NYQ,Healthcare,Drug Manufacturers - Specialty & Generic,13.24,13.265,0.0377,0.0377,0.1427,-0.116,-0.862,3.6,24.5648,0.259936,0.146831,136,0.433456,0.143483,0.064479,0.031357,0.000508,0.5,0.5,0.97521,True,
TDOC,"Teladoc Health, Inc.",NYQ,Healthcare,Health Information Services,7.31,7.05,-10.8091,5.9309,0.2828,-0.025,,,,0.258269,0.142285,137,0.234905,0.168726,0.153044,0.034734,0.5,0.5,0.5,0.5,True,
SRPT,"Sarepta Therapeutics, Inc.",NMS,Healthcare,Biotechnology,16.66,15.88,-9.7956,-27.0996,0.3208,-0.019,,-0.09,45.3857,0.256334,0.137014,138,0.253457,0.027244,0.177066,0.034956,0.5,0.5,0.5,0.990269,True,
PRAX,"Praxis Precision Medicines, Inc",NMS,Healthcare,Biotechnology,264.75,260.365,-22.2334,-21.7994,0.5007,,,,,0.254828,0.132908,139,0.025783,0.049946,0.29079,0.5,0.5,0.5,0.5,0.5,True,
NVST,Envista Holdings Corporation,NYQ,Healthcare,Medical Instruments & Supplies,22.87,22.92,-1.9255,-12.4857,0.2649,0.144,1.15,0.4861,55.9024,0.254377,0.13168,140,0.397519,0.089841,0.141728,0.041005,0.01175,0.5,0.5,0.984861,True,
OGN,Organon & Co.,NYQ,Healthcare,Drug Manufacturers - General,13.4,13.395,0.262,0.4876,0.0407,-0.035,0.678,0.2124,14.4032,0.253592,0.129539,141,0.437562,0.14541,0.0,0.034362,0.009113,0.5,0.5,0.995535,True,
RVTY,"Revvity, Inc.",NYQ,Healthcare,Diagnostics & Research,102.4,97.845,-2.5567,6.1213,0.1486,0.07,-0.036,0.61,47.0913,0.253507,0.129309,142,0.385965,0.169542,0.068209,0.038259,0.005124,0.5,0.5,0.986157,True,
SEM,Select Medical Holdings Corpora,NYQ,Healthcare,Medical Care Facilities,16.49,16.515,0.0303,0.8419,0.0497,0.05,-0.224,2.26,15.4346,0.253071,0.12812,143,0.43332,0.146928,0.005689,0.037517,0.004073,0.5,0.5,0.984385,True,
LFST,"LifeStance Health Group, Inc.",NMS,Healthcare,Medical Care Facilities,7.64,7.495,-5.4786,2.248,0.218,0.212,19.089,0.0655,125.0833,0.253012,0.127958,144,0.33248,0.152951,0.11208,0.043528,0.111983,0.5,0.5,0.971745,True,
TMO,Thermo Fisher Scientific Inc,NYQ,Healthcare,Diagnostics & Research,482.03,472.905,-4.279,1.3154,0.2491,0.062,0.096,1.59,26.0264,0.250526,0.121183,145,0.354438,0.148956,0.13174,0.037962,0.005861,0.5,0.5,0.985607,True,
RCUS,"Arcus Biosciences, Inc.",NYQ,Healthcare,Biotechnology,24.69,23.54,-8.2976,-9.67,0.2033,-0.393,,,,0.249936,0.119574,146,0.280878,0.101901,0.102788,0.021078,0.5,0.5,0.5,0.5,True,
PHR,"Phreesia, Inc.",NYQ,Healthcare,Health Information Services,9.69,9.45,-11.257,-1.9689,0.1518,0.129,,,59.125,0.245263,0.106839,147,0.226706,0.134888,0.070232,0.040448,0.5,0.5,0.5,0.737219,True,
THC,Tenet Healthcare Corporation,NYQ,Healthcare,Medical Care Facilities,161.37,164.1025,-3.5202,-12.2024,0.2529,0.028,0.729,4.07,8.5292,0.244275,0.104146,148,0.368328,0.091054,0.134142,0.0367,0.009398,0.5,0.5,0.976264,True,
UPB,"Upstream Bio, Inc.",NMS,Healthcare,Biotechnology,7.43,7.15,-11.5099,-21.6009,0.3407,0.827,,,,0.242734,0.099946,149,0.222077,0.050797,0.189645,0.06635,0.5,0.5,0.5,0.5,True,
VEEV,Veeva Systems Inc.,NYQ,Healthcare,Health Information Services,178.6,174.09,-7.601,1.8284,0.3075,0.163,0.144,0.84,30.9078,0.239996,0.092486,150,0.293629,0.151154,0.168658,0.04171,0.006129,0.5,0.5,0.988523,True,
RGNX,REGENXBIO Inc.,NMS,Healthcare,Biotechnology,6.88,6.14,-14.0756,-33.4599,0.6198,-0.928,,,,0.23909,0.090016,151,0.175111,0.0,0.366079,0.001225,0.5,0.5,0.5,0.5,True,
WRBY,Warby Parker Inc.,NYQ,Healthcare,Medical Instruments & Supplies,24.12,22.58,-7.5677,4.0397,0.4764,0.083,-0.085,,2253.5,0.235248,0.079544,152,0.294239,0.160625,0.275428,0.038741,0.00485,0.5,0.5,0.25,True,
WEAV,"Weave Communications, Inc.",NYQ,Healthcare,Health Information Services,5.77,5.7,-12.037,-6.7103,0.1943,0.174,,,,0.234723,0.078114,153,0.212428,0.114579,0.097098,0.042118,0.5,0.5,0.5,0.5,True,
MDLN,Medline Inc.,NMS,Healthcare,Medical Instruments & Supplies,34.45,34.16,-4.4755,-24.647,0.3612,0.107,-0.599,,29.9561,0.232686,0.072561,154,0.350841,0.037749,0.202604,0.039632,0.001978,0.5,0.5,0.743695,True,
OLMA,"Olema Pharmaceuticals, Inc.",NMS,Healthcare,Biotechnology,10.68,10.085,-20.653,-31.1134,0.2567,,,,,0.23261,0.072356,155,0.054712,0.010051,0.136545,0.5,0.5,0.5,0.5,0.5,True,
WAY,Waystar Holding Corp.,NMS,Healthcare,Health Information Services,20.22,20.11,-8.2117,-2.4248,0.1971,0.224,0.479,0.6269,30.0299,0.223617,0.047847,156,0.28245,0.132935,0.098868,0.043974,0.008001,0.5,0.5,0.989855,True,
SLP,"Simulations Plus, Inc.",NMS,Healthcare,Health Information Services,16.65,15.87,-10.4907,1.0185,0.2065,0.083,0.475,9.88,,0.206062,0.0,157,0.240733,0.147684,0.104811,0.038741,0.007979,0.5,0.5,0.696821,True,
